<?xml version="1.0" encoding="UTF-8"?>
<jcr:root xmlns:oak="http://jackrabbit.apache.org/oak/ns/1.0" xmlns:sling="http://sling.apache.org/jcr/sling/1.0" xmlns:dam="http://www.day.com/dam/1.0" xmlns:jcr="http://www.jcp.org/jcr/1.0" xmlns:mix="http://www.jcp.org/jcr/mix/1.0" xmlns:nt="http://www.jcp.org/jcr/nt/1.0" xmlns:rep="internal"
    jcr:mixinTypes="[mix:lockable,rep:AccessControllable]"
    jcr:primaryType="sling:OrderedFolder">
    <pi-web/>
    <test/>
    <rep:policy/>
    <oak:index
        jcr:mixinTypes="[rep:AccessControllable]"
        jcr:primaryType="nt:unstructured">
        <piweb.simpleCFPropertyIndex/>
    </oak:index>
    <alaska529/>
    <jcr:content/>
    <collections/>
    <assetinsights/>
    <dam:batch/>
    <catalogs/>
    <templates/>
    <trp-core/>
    <money-market/>
    <iinvestor/>
</jcr:root>
